ad_id,product_id,ad_name,ad_status,ad_start_date,ad_end_date
AD3841,PR6352,Monitored impactful product,ended,2023-09-04,2023-09-14
AD3409,PR6108,Diverse value-added data-warehouse,ended,2022-04-18,2023-12-21
AD4120,PR7618,Optional optimal archive,ended,2023-12-10,2024-02-14
AD8197,PR4715,Innovative systemic Local Area Network,active,2022-07-31,2024-10-29
AD0917,PR4397,Seamless full-range parallelism,ended,2023-06-21,2023-07-18
AD3510,PR9370,Switchable bandwidth-monitored ability,ended,2024-03-05,2024-03-10
AD1466,PR0473,Realigned client-server website,active,2022-03-20,2025-12-30
AD8650,PR4884,Reduced systematic firmware,active,2022-05-18,2025-07-28
AD5807,PR6369,Switchable value-added frame,active,2023-02-27,2025-12-01
AD9393,PR7057,Triple-buffered content-based definition,active,2022-12-17,2024-08-04
AD3524,PR7629,Universal reciprocal parallelism,ended,2024-02-09,2024-02-09
AD4920,PR8479,Visionary high-level help-desk,active,2023-12-16,2025-02-08
AD0212,PR5026,Devolved maximized moderator,ended,2023-01-07,2024-01-04
AD7644,PR5444,Integrated client-server parallelism,active,2023-09-04,2025-08-08
AD7153,PR4586,Mandatory zero-defect intranet,active,2023-01-06,2024-06-28
AD6512,PR5146,Networked upward-trending open system,active,2024-01-20,2024-11-04
AD1089,PR5033,Enhanced client-server portal,ended,2023-10-09,2023-11-23
AD5398,PR5529,User-centric real-time middleware,active,2023-01-07,2025-12-09
AD6754,PR7521,Re-contextualized asymmetric orchestration,ended,2023-11-29,2023-12-16
AD4997,PR6286,Optimized 4thgeneration initiative,ended,2023-11-07,2024-02-09
AD5784,PR4447,Object-based human-resource throughput,ended,2022-05-23,2023-06-21
AD4880,PR5776,Extended 24hour moderator,active,2023-10-21,2024-04-10
AD7513,PR1338,Cloned coherent process improvement,active,2023-04-02,2025-08-28
AD9790,PR0821,Universal scalable hardware,active,2023-10-21,2024-05-26
AD4782,PR0979,Profound upward-trending application,ended,2023-11-17,2024-02-20
AD7376,PR9554,Networked systemic collaboration,active,2022-07-12,2025-03-20
AD6640,PR4796,Multi-tiered bifurcated extranet,ended,2022-11-18,2023-10-19
AD2193,PR5977,Assimilated stable frame,active,2022-05-30,2024-09-26
AD7456,PR6810,Persistent well-modulated service-desk,active,2023-04-26,2024-08-13
AD6176,PR4792,Object-based zero administration website,ended,2022-10-24,2023-12-26
AD3322,PR9887,User-friendly secondary knowledge user,ended,2023-11-18,2023-12-20
AD1655,PR8836,Total holistic Graphic Interface,active,2022-11-03,2024-11-16
AD4053,PR9042,Grass-roots attitude-oriented structure,ended,2023-11-11,2023-12-11
AD7067,PR5790,Persevering asynchronous moratorium,ended,2023-08-04,2023-10-24
AD2614,PR0821,Configurable secondary product,ended,2023-04-02,2023-06-20
AD5737,PR0343,Persevering actuating support,active,2023-06-23,2024-06-25
AD4024,PR7859,Progressive needs-based collaboration,ended,2023-10-10,2023-11-22
AD4541,PR3201,Managed grid-enabled groupware,active,2022-09-08,2026-02-23
AD3019,PR5790,Operative asymmetric analyzer,active,2022-05-01,2025-06-11
AD5523,PR7363,Profound systematic success,ended,2022-10-22,2023-09-30
AD3422,PR5811,Persistent static archive,active,2022-08-26,2024-09-19
AD7034,PR9106,Persistent upward-trending Local Area Network,ended,2022-06-15,2022-08-21
AD5160,PR3809,Team-oriented modular website,ended,2022-05-25,2022-06-30
AD0554,PR1327,Managed 24/7 portal,active,2023-09-15,2024-05-13
AD9604,PR9106,Exclusive actuating throughput,active,2022-09-17,2025-03-17
AD3335,PR2484,Customer-focused empowering challenge,ended,2023-05-05,2024-02-21
AD9062,PR2959,Sharable secondary monitoring,ended,2022-10-24,2023-03-25
AD8177,PR4379,Cross-platform encompassing flexibility,ended,2022-05-30,2023-07-31
AD9097,PR0287,Optional grid-enabled core,active,2022-06-17,2024-08-22
AD6260,PR9807,User-centric methodical moderator,active,2022-12-07,2026-02-25
AD6509,PR8196,Cloned cohesive help-desk,ended,2022-10-09,2023-07-26
AD1900,PR3363,Virtual incremental core,ended,2022-10-26,2023-03-07
AD4245,PR2752,Synergistic reciprocal flexibility,ended,2023-03-15,2023-04-26
AD9705,PR9275,Configurable background attitude,ended,2023-12-08,2023-12-29
AD1433,PR6810,Progressive hybrid task-force,ended,2022-12-06,2023-07-20
AD1678,PR3383,Profit-focused eco-centric extranet,active,2023-10-20,2026-03-17
AD7441,PR0830,Front-line eco-centric ability,ended,2022-11-06,2023-05-26
AD2491,PR1141,Public-key mission-critical projection,ended,2022-04-07,2023-05-06
AD1800,PR5866,Team-oriented upward-trending workforce,active,2023-10-18,2025-02-11
AD7549,PR6171,Self-enabling 24/7 capability,ended,2023-04-08,2024-01-27
AD9095,PR9145,Devolved reciprocal open architecture,ended,2023-07-15,2023-09-28
AD0705,PR8049,Customer-focused human-resource matrices,active,2022-10-29,2025-05-07
AD3180,PR5866,Grass-roots tangible hierarchy,ended,2023-12-05,2024-01-28
AD7399,PR7363,Persevering explicit solution,active,2023-01-27,2025-07-29
AD0559,PR7714,Down-sized transitional data-warehouse,ended,2023-06-15,2024-01-04
AD1043,PR9524,Assimilated 24hour leverage,ended,2023-01-18,2023-08-18
AD3711,PR8654,Cross-group holistic open system,active,2022-11-21,2025-05-21
AD7965,PR3144,Synchronized web-enabled implementation,ended,2022-06-10,2023-08-15
AD8468,PR3878,Ergonomic scalable software,active,2023-07-03,2025-05-12
AD5593,PR2952,Horizontal eco-centric Local Area Network,active,2022-04-25,2024-12-02
AD4364,PR2143,Sharable client-driven adapter,active,2022-07-14,2025-02-13
AD9212,PR6628,Cloned didactic contingency,ended,2024-01-03,2024-01-03
AD5386,PR6965,Future-proofed demand-driven ability,active,2023-08-24,2024-08-08
AD0922,PR8426,Secured grid-enabled architecture,active,2022-03-28,2024-06-02
AD5563,PR8175,Quality-focused responsive open architecture,active,2024-02-22,2025-08-09
AD5434,PR9845,Horizontal eco-centric software,active,2023-08-20,2025-03-23
AD3237,PR2952,Phased scalable orchestration,ended,2023-02-07,2023-10-04
AD7115,PR1992,Versatile value-added orchestration,ended,2023-09-23,2023-11-18
AD2322,PR1449,Reverse-engineered analyzing installation,ended,2022-10-05,2023-10-19
AD7989,PR6920,Centralized fault-tolerant artificial intelligence,active,2023-06-18,2024-09-26
AD8196,PR0392,Grass-roots mission-critical strategy,active,2022-06-25,2024-09-07
AD9805,PR3173,Assimilated leadingedge flexibility,active,2023-02-05,2025-02-06
AD8636,PR2143,Intuitive maximized parallelism,active,2023-07-02,2024-06-25
AD8999,PR0707,Business-focused client-server website,ended,2022-11-02,2023-06-13
AD8981,PR4794,Organized empowering Graphic Interface,active,2023-02-15,2024-08-29
AD7840,PR3174,Team-oriented local leverage,active,2022-11-24,2025-05-26
AD4539,PR7501,Open-architected incremental time-frame,active,2022-12-29,2025-12-17
AD9315,PR4763,Grass-roots coherent collaboration,active,2023-02-18,2024-11-30
AD9370,PR0473,Re-contextualized multi-state open system,active,2022-04-26,2025-04-07
AD7212,PR8904,Adaptive fresh-thinking model,ended,2023-05-23,2023-08-06
AD3585,PR1449,Reduced 6thgeneration data-warehouse,ended,2022-09-28,2023-06-17
AD1594,PR7779,Quality-focused tangible parallelism,ended,2022-03-23,2023-05-06
AD9296,PR0300,Managed real-time concept,active,2022-06-27,2025-12-23
AD2085,PR4279,Sharable stable installation,ended,2022-07-12,2022-11-28
AD1039,PR0707,Ameliorated full-range algorithm,active,2024-02-27,2025-08-26
AD1967,PR9512,Synergistic grid-enabled initiative,active,2024-02-04,2025-05-30
AD0539,PR3456,Streamlined 24hour knowledgebase,ended,2022-09-06,2023-05-21
AD7431,PR0274,Grass-roots mobile frame,active,2023-01-29,2026-01-20
AD2223,PR4455,Proactive 24hour attitude,ended,2023-03-19,2023-12-11
AD7110,PR7193,Cloned encompassing benchmark,active,2023-10-04,2025-06-19
